number,url,id,home_town,name,sex
1,/id25676529,25676529,Error,Алена,female
2,/snezzzhana,14954809,Error,Снежана,female
3,/nastya_stausy,14695940,Error,Анастасия,female
4,/losseella,1314540,Error,Василиса,female
5,/belyakovamaria,374315,Error,Мария,female
6,/feykina,113451860,Error,Соня,female
7,/lakmanito21,440049558,Error,Ирина,female
8,/id351690564,351690564,Error,Александра,female
9,/id255127441,255127441,печоры,Катя,female
10,/j_uli,248649844,Санкт Петербург,Юлия,female
11,/katerina.vasilyeva99,232950640,Error,Катерина,female
12,/id223057105,223057105,Лянтор,Катя,female
13,/innoktnt,309252617,,Иннокентий,male
14,/artyomrafikov,287915359,,Артем,male
15,/spbpromsnab,270360161,Санкт-Петербург,Сергей,male
16,/kryakrya228,232144288,Error,Егор,male
17,/danchik728,230473213,Error,Даниил,male
18,/aleks886,223406131,Error,Алексей,male
19,/nikitaoriginal,216536446,Анапа,Никита,male
20,/ezolotaryov2013,215258764,СПБ,Егор,male
21,/id212950644,212950644,Великие Луки,Сергей,male
22,/hellishdemoman,206173658,Санкт-Петербург,Андрей,male
23,/alfaoscar_21,196858095,Error,Антон,male
24,/vladmardus,172660877,Error,Владислав,male
25,/teptopek,168366595,Error,Тимофей,male
26,/lesha1201,151657911,Cанкт-Петербрг,Алексей,male
27,/id149494947,149494947,,Елена,female
28,/id144504433,144504433,Error,Олеся,female
29,/elvira_29,143281900,Локня,Эльвира,female
30,/daria_kaverzina,139284507,Error,Дарья,female
31,/id134233495,134233495,Error,Валерия,female
32,/ridso,134038948,Error,Соня,female
33,/margaretmargaret1,113716640,Error,Маргарита,female
34,/id90437308,90437308,Error,Ксюша,female
35,/kivikik,89159316,Error,Софья,female
36,/all___al,82528656,Error,Алёна,female
37,/id79517509,79517509,Error,Рита,female
38,/katyamnbv,76667886,Error,Екатерина,female
39,/id70503750,70503750,Error,Елизавета,female
40,/darya904,60290265,Error,Дарья,female
41,/id58194687,58194687,Error,Анастасия,female
42,/elizabethmiu,56092425,Error,Лиза,female
43,/alexandr_luchko,74011779,Error,Александр,male
44,/peterkornush,63431365,Error,Петр,male
45,/phi1618,43571839,Чебоксары,Митя,male
46,/gnatunstyles,31775346,Error,Игнат,male
47,/id257193790,257193790,,Алим,male
48,/dreyger87,216014505,Error,Олег,male
49,/ilya0leitto,214975340,Error,Илья,male
50,/id197935847,197935847,Комсомольск-на-амуре,Леон,male
51,/id163231785,163231785,Error,Даниил,male
52,/therealsova,158032713,Error,Савелий,male
53,/dkirpikov,140972137,Error,Дмитрий,male
54,/id137824675,137824675,спб,Михаил,male
55,/mtblovelife,106337534,Санкт-Петербург,Роман,male
56,/ageres_gray,98819953,Error,Сергей,male
57,/hel_0987888,29025942,Санкт Петербург,Лена,female
58,/martamia,241225637,Error,Viktoria,female
59,/sofanarisyet,165200579,Error,София,female
60,/olya_ogress,152255851,Error,Оля,female
61,/id148233951,148233951,Алматы,Рита,female
62,/gelygesy,145675927,Error,Angelina,female
63,/itsadele,138826661,Уфа,Адель,female
64,/anastasia_evseevaa,133308808,Питер,Анастасия,female
65,/karina_karina1,129599127,Error,Карина,female
66,/an_asty,127413137,Санкт-Петербург,Анастасия,female
67,/violettapisareva,103101117,Магнитогорск,Виолетта,female
68,/alexgro,16164831,Санкт- Петербург,Алексей,male
69,/dimonfreez,183502320,санкт-петербург,Дима,male
70,/chabon,159742783,,Саша,male
71,/dmitrynovv,137629543,Error,Дмитрий,male
72,/semyon_afanasiev,117472092,Error,Семён,male
73,/id101909036,101909036,Error,Даниил,male
74,/id87351121,87351121,Error,Михаил,male
75,/ilyakosuhin,84155010,Пенза,Илья,male
76,/id74795097,74795097,Error,Даниил,male
77,/id55257816,55257816,Error,Иван,male
78,/misha_t_wot,32356837,Error,Михаил,male
79,/i8945215,8945215,Error,Миша,male
80,/vaducer,5811361,Error,Вадим,male
81,/gad_dt111,255843096,Санкт-Петербург ,Гаджи,male
82,/i.echkalo,87922980,Error,Ирина,female
83,/likascetina,87415612,Error,Lika,female
84,/verchik_199_89,62880229,Error,Вера,female
85,/vera_efremenko,61770070,Error,Вера,female
86,/anyakamendova,58576231,Error,Anya,female
87,/artamonovakm,9819046,Error,Ксения,female
88,/id218880959,218880959,Error,Оля,female
89,/k125oa,65033187,Error,Ольга,female
90,/dothita,57761892,Error,Наталья,female
91,/araneanastasia,56421484,Error,Анастасия,female
92,/ksyutaa,46544387,Error,Ксюша,female
93,/id36860476,36860476,Error,Ева,female
94,/id80707703,80707703,Архангельск,Петя,male
95,/yanchiklive,75167783,Ставрополь,Максим,male
96,/kurencov,45891567,Error,Герасим,male
97,/makeev_vv,28693912,Error,Владимир,male
98,/id1925455,1925455,"Санкт-Петербург, Колпино",Игорь,male
99,/zloyha4ik,119528377,Error,Арам,male
100,/travellerofmind,49565974,"Milwaukee, WI.",Антон,male
101,/id17667535,17667535,,Валерия,female
102,/vikooskokos,107146297,Error,Tori,female
103,/linochkao,52823125,Error,Ангелиночка,female
104,/psho96,25729839,Error,Татьяна,female
105,/kuznetsova_julie,18267143,Error,Юлия,female
106,/chris66611,24420934,Error,Кристинка,female
107,/nastyabob,5880205,Error,Настя,female
108,/aska_st,114714034,Error,Ася,female
109,/katya_boooms,51190379,Error,Катя,female
110,/id34357211,34357211,Error,Ксения,female
111,/snooley,22592947,Санкт-Петербург,Рома,male
112,/morfeuschannel,221831966,Санкт-Петербург,Иван,male
113,/toxavzm,144603886,Error,Антон,male
114,/arsenvr,31812905,Error,Арсений,male
115,/ponomarevleo,8241137,Error,Лев,male
116,/kosi4ka_sds,412647,Error,Косичка,male
117,/szubov96,122207740,"Пермь,Санкт-петербург",Вячеслав,male
118,/trafalgar4ik,95213822,Error,Виктор,male
119,/id87021490,87021490,Error,Макс,male
120,/ason_jones,68097439,,Александр,male
121,/ld19851,40674743,Error,Дмитрий,male
122,/anechka_istyagina,17958204,Error,Анечка,female
123,/dananazarova,11288137,Санкт-Петербург,Дарья,female
124,/heytom,8459565,Error,Тома,female
125,/anikosha,12300829,Санкт-Петербург(Сестрорецк),Anikosha,female
126,/yulechka_kit,11695438,Error,Юлия,female
127,/eliszaveta,8047317,Error,Елизавета,female
128,/alina.belle,5173114,Error,Алина,female
129,/ktotam959,52606545,Error,Anastasia,female
130,/id19287988,19287988,Mudak,Лена,female
131,/enattendant,13828292,Санкт-Петербург,Даша,female
132,/torgovez_derevom,12578736,Error,Таня,female
133,/keshanich,4409691,Санкт-Петербург,Аркадий,male
134,/alexvierdo,270402663,,Александр,male
135,/dava5mk,99646628,Южно-Сахалинск,Давид,male
136,/kekc13,77116327,Error,Кирилл,male
137,/malyshev_valera,27526049,Error,Валерий,male
138,/nikolai_kolesnikov,22038206,Санкт-Петербург,Николай,male
139,/android_er,12304364,Санкт-Петербург,Андрей,male
140,/id11908495,11908495,Error,Максим,male
141,/id9620432,9620432,Error,Александр,male
142,/id20757028,20757028,,Анастасия,female
143,/id16541817,16541817,Санкт-Петербург/Кореновск / Краснодар,Лерка,female
144,/popravka_official,15432996,Error,Катерина,female
145,/ledache,10294329,Санкт-Петербург,Леда,female
146,/jennysid,7342348,Error,Евгения,female
147,/yulialeschinskaya,3920404,Error,Юлия,female
148,/ozerovaaaaa,2674195,Error,Anna,female
149,/id131558319,131558319,Снежинск,Lovely,female
150,/id107443483,107443483,Error,Мария,female
151,/id39876346,39876346,Error,Таня,female
152,/id5792377,5792377,Error,Анастасия,female
153,/id3200603,3200603,Error,Elena,female
154,/feel_real,2754353,Error,Дашка,female
155,/lenochka94,575552,Error,Елена,female
156,/julianqis,117471581,Полярные Зори,Юлия,female
157,/nastja__nastja,59924031,Error,Анастасия,female
158,/id326948410,326948410,Столица,Тимур,male
159,/chanmaxim,42752769,Error,Maxim,male
160,/suchkov11,34833916,Error,Женя,male
161,/id20570105,20570105,Error,Илья,male
162,/nikita_abramov,15411844,Санкт-Петербург,Никита,male
163,/grom_sawka,13030208,Error,Александр,male
164,/v.shaytan,12645090,Error,Василий,male
165,/mvx_one,12612527,Чебоксары,Максим,male
166,/dmitrievich05,11947143,Error,Станислав,male
167,/pinkman_jesse_bitch,6051329,Error,Филипп,male
168,/glebryzhkov,5973867,Error,Глеб,male
169,/id3765807,3765807,Error,Игорёк,male
170,/nkudinova93,44615109,Error,Анастасия,female
171,/id36773864,36773864,Error,Ульяна,female
172,/katerishkaa,11151727,Error,Ekaterina,female
173,/taisafact,3213220,Санкт-Петербург,Таиса,female
174,/kosu11,2359834,Error,Ксеня,female
175,/vik_braun,92173870,Error,Виктория,female
176,/olga_kondratenkova,27425014,Error,Оля,female
177,/a_afrina,8579321,Error,Анастасия,female
178,/tannika_orlova,2880999,Error,Tannika,female
179,/id52055999,52055999,Error,Рада,female
180,/id116450404,116450404,Error,Ksenia,female
181,/hell1yeah,78929891,Error,Ева,female
182,/id95073343,95073343,Набережные Челны,Макс,male
183,/fresh_plumps,43786647,Error,Nikita,male
184,/artemmaltsev,1121969,Error,Тема,male
185,/mibaglay,661401,Санкт-Петербург,Миша,male
186,/id550677,550677,Error,Даня,male
187,/vipsummus,189197200,Муравленко,Евгений,male
188,/sasha_fczenit,63931873,Error,Александр,male
189,/id29330160,29330160,Error,Денис,male
190,/id23247398,23247398,Error,Дмитрий,male
191,/pilipenko105,18768178,Error,Игорь,male
192,/kolya_5_93,11933449,Error,Колян,male
193,/id8124893,8124893,Питер,Владимир,male
194,/supermario93,5560921,Error,Nikita,male
195,/danya665,5232745,Error,Danila,male
196,/id109729787,109729787,Error,Lola,female
197,/id93810943,93810943,Error,Полина,female
198,/ksuksu13,30850164,Error,Ксения,female
199,/marino4ka_malinka,25194601,Error,Марина,female
200,/nastya.fokina,4794024,Error,Настя,female
201,/dont_loose_yourself,2318192,Error,Валерия,female
202,/singlenetwork,1667109,Error,Катюша,female
203,/snegova,362615,Error,Анастасия,female
204,/id99801214,99801214,Error,Екатерина,female
205,/id22337279,22337279,Санкт-Петербург,Наталья,female
206,/margaritochkamolchanova,9378698,Error,Маргарита,female
207,/elise_lis_lis,8420160,Error,Елизавета,female
208,/artrolana,3500144,Error,Ролана,female
209,/id3247642,3247642,Санкт-Петербург,Светлён,female
210,/chubbakka,686729,Санкт-Петербург,Андрей,male
211,/aaaaaaa,330009,Питер,Лёша,male
212,/rgdak,300605645,Error,Андрей,male
213,/id84986711,84986711,Питер,Владислав,male
214,/maxmelehin,31210637,Северодвинск,Максим,male
215,/arrtemnazarov,20214578,Error,Артём,male
216,/cust0ms,16564299,Санкт-Петербург,Константин,male
217,/artem_nevelsky,11175278,Error,Артём,male
218,/anton2573,8349251,кингисепп,Антон,male
219,/shukin2007,4440137,Error,Антон,male
220,/mettal,3124048,Error,Константин,male
221,/voxink,3072286,Error,Валентин,male
222,/sankovski,2181349,Error,Александр,male
223,/id1046189,1046189,Error,Олег,male
